Sample	Treatment	Arm	IL13_CD4_Pre	IL13_CD4_Post	IL13_B7_Pre	IL13_B7_Post	IL10_CD4_Pre	IL10_CD4_Post	IL10_B7_Pre	IL10_B7_Post	LAP_M_Pre	LAP_M_Post	LAP_PMA_Pre	LAP_PMA_Post	CD25_M_Pre	CD25_M_Post	CD25_PMA_Pre	CD25_PMA_Post	IFNg_CD4_Pre	IFNg_CD4_Post	IFNg_B74_Pre	IFNg_B74_Post	IFNg_CD8_Pre	IFNg_CD8_Post	IFNg_B78_Pre	IFNg_B78_Post	IL17_CD4_Pre	IL17_CD4_Post	IL17_B7_Pre	IL17_B7_Post	TNFa_CD4_Pre	TNFa_CD4_Post	TNFa_B74_Pre	TNFa_B74_Post	TNFa_CD8_Pre	TNFa_CD8_Post	TNFa_B78_Pre	TNFa_B78_Post	IL6_CD4_Pre	IL6_CD4_Post	IL6_B7_Pre	IL6_B7_Post	P_Actinobacteria_Pre	P_Actinobacteria_Post	P_Bacteroidetes_Pre	P_Bacteroidetes_Post	P_Firmicutes_Pre	P_Firmicutes_Post	P_FBratio_Pre	P_FBratio_Post	P_Proteobacteria_Pre	P_Proteobacteria_Post	C_Actinobacteria_Pre	C_Actinobacteria_Post	C_Clostridia_Pre	C_Clostridia_Post	C_Gammaproteobacteria_Pre	C_Gammaproteobacteria_Post	O_Bifidobacteriales_Pre	O_Bifidobacteriales_Post	O_Clostridiales_Pre	O_Clostridiales_Post	O_Enterobacteriales_Pre	O_Enterobacteriales_Post	F_Bifidobacteriaceae_Pre	F_Bifidobacteriaceae_Post	F_Enterococcaceae_Pre	F_Enterococcaceae_Post	F_Clostridiaceae_Pre	F_Clostridiaceae_Post	F_Enterobacteriaceae_Pre	F_Enterobacteriaceae_Post	G_Bifidobacterium_Pre	G_Bifidobacterium_Post	G_Clostridium_Pre	G_Clostridium_Post	Order	Stool_Freq_Pre	Stool_Norm_Pre	Stool_Hard_Pre	Stool_Soft_Pre	Stool_Freq_D123	Stool_Freq_W1	Stool_Freq_W5	Stool_Freq_D835	Stool_Norm_D123	Stool_Norm_W1	Stool_Norm_W5	Stool_Norm_D835	Stool_Hard_D123	Stool_Hard_W1	Stool_Hard_W5	Stool_Hard_D835	Stool_Soft_D123	Stool_Soft_W1	Stool_Soft_W5	Stool_Soft_D835	ABC_SS1_Pre	ABC_SS1_Post	ABC_SS1_Diff	ABC_SS2_Pre	ABC_SS2_Post	ABC_SS2_Diff	ABC_SS3_Pre	ABC_SS3_Post	ABC_SS3_Diff	ABC_SS4_Pre	ABC_SS4_Post	ABC_SS4_Diff	ABC_Total_Pre	ABC_Total_Post	ABC_Total_Diff	Pain_Pre	Pain_Post	Pain_Diff	Gas_Pre	Gas_Post	Gas_Diff	ABAS_G_Pre	ABAS_G_Post	ABAS_G_Diff...48	ABAS_C_Pre	ABAS_C_Post	ABAS_G_Diff...51	ABAS_S_Pre	ABAS_S_Post	ABAS_S_Diff	ABAS_P_Pre	ABAS_P_Post	ABAS_P_Diff	RBS_SS1_Pre	RBS_SS1_Post	RBS_SS1_Diff	RBS_SS2_Pre	RBS_SS2_Post	RBS_SS2_Diff	RBS_SS3_Pre	RBS_SS3_Post	RBS_SS3_Diff	RBS_SS4_Pre	RBS_SS4_Post	RBS_SS4_Diff	RBS_SS5_Pre	RBS_SS5_Post	RBS_SS5_Diff	RBS_Total_Pre	RBS_Total_Post	RBS_Total_Diff	Q2_Pre	Q2_Post	Q2_Diff	Q3_Pre	Q3_Post	Q3_Diff	Dia_Pre	Dia_Post	Dia_Diff	Con_Pre	Con_Post	Con_Diff	Weight_Pre	Weight_Post	Weight_Diff	BMI_Pre	BMI_Post	BMI_Diff	BMIP_Pre	BMIP_Post	BMIP_Diff
202	Pre	1	3.57	1.41	3.09	1.32	0.69	0.72	0.58	0.95	2.37	0.32	0.44	0.16	0.7	0.63	0.68	0.49	13.2	18.3	20.05	24.35	32.75	34.05	26.799999999999997	24.950000000000003	1.16	1.12	1.37	1.29	54	56.5	66.1	64.1	47.6	45.4	47.1	35.7	4.03	3.02	6.21	2.9	0.12494351559	0.0346436905403	0.13985539991	0.15437084904	0.709218255761	0.784778316281	5.07108239093662	5.083720930223368	0.00316312697695	0.00287201579609	0.0684591052869	0.0236941303177	0.67532760958	0.702746365105	0.00158156348848	0.00143600789804	0.0666516041573	0.0236941303177	0.67532760958	0.702746365105	0.00158156348848	0.00143600789804	0.0666516041573	0.0236941303177	0	0	0.0234975146859	0.109675103213	0.00158156348848	0.00143600789804	0.066651604	0.02369413	6.77813e-4	5.38503e-4	PS	NA	NA	NA	NA	0.6666666666666666	0.5714285714285714	0.5	0.368	0	0	0.5	0.2857142857142857	1	1	0.5	0.1111111111111111	0	0	0	0	14	3	-11	23	2	-21	6	0	-6	9	2	-7	54	7	-47	3	0	-3	2	0	-2	50	69	19	56	81	25	61	81	20	52	68	16	9	0	-9	5	0	-5	8	1	-7	8	0	-8	0	1	1	34	4	-30	2	2	0	1	4	3	0	0	0	4	0	-4	52.9	55.8	2.8999999999999986	14.3	15.1	0.7999999999999989	16	34	18
205	Pre	1	1.97	2.9	1.55	1.61	2.1	0.93	3.09	1.28	0.53	0.64	0.54	0.22	2.39	1.19	2.41	1.12	22.5	24.85	24.55	27.299999999999997	60.95	52.1	33.150000000000006	30.9	1.97	0.82	2.78	1.12	60.7	57.9	63.8	63.4	68.9	49.7	44.7	28.2	10.9	8.84	13	10.9	0.0394077448747	0.033143067575	0.151936218679	0.280979561775	0.791799544419	0.669674093169	5.211394302841362	2.3833551769336694	4.55580865604e-4	0.00128889707236	0.0318906605923	0.012336586264	0.710022779043	0.629534155772	0	3.68256306389e-4	0.0318906605923	0.0114159454981	0.710022779043	0.629534155772	0	3.68256306389e-4	0.0318906605923	0.0114159454981	0.00250569476082	0.00202540968514	0.021867881549	0.0241207880685	0	3.68256306389e-4	0.031890661	0.011415945	0.001366743	0.004603204	PS	NA	NA	NA	NA	2	2.142857142857143	2.142857142857143	2.182	0.2	0.21428571428571427	0.6	0.42857142857142855	0.2	0.2857142857142857	0.13333333333333333	0.16923076923076924	0	0.07142857142857142	0.06666666666666667	0.07692307692307693	11	12	1	7	8	1	6	5	-1	19	22	3	47	54	7	3	1	-2	3	1	-2	75	71	-4	79	76	-3	83	74	-9	68	70	2	7	10	3	2	2	0	0	1	1	1	3	2	4	1	-3	16	18	2	4	4	0	4	3	1	3	1	-2	2	2	0	36.3	37.1	0.8000000000000043	15.1	15.5	0.40000000000000036	31	46	15
208	Pre	1	NA	NA	NA	NA	NA	NA	NA	NA	NA	NA	NA	NA	NA	NA	NA	NA	NA	NA	NA	NA	NA	NA	NA	NA	NA	NA	NA	NA	NA	NA	NA	NA	NA	NA	NA	NA	NA	NA	NA	NA	0.10760931289	0.0213068181818	0.144520159001	0.176313920455	0.728989210676	0.781605113636	5.044204322187023	4.433031218516217	0.00425894378194	0.00390625	0.103634298694	0.01953125	0.694491766042	0.75390625	2.83929585463e-4	0	0.103066439523	0.01953125	0.694491766042	0.75390625	2.83929585463e-4	0	0.103066439523	0.01953125	7.09823963657e-4	0.00142045454545	0.0154741624077	0.0610795454545	2.83929585463e-4	0	0.10306644	0.01953125	2.8393e-4	0	PS	NA	NA	NA	NA	0.3333333333333333	0.42857142857142855	0.2857142857142857	0.273	0	0.3333333333333333	0.5	0.6666666666666666	0	0.3333333333333333	0	0	1	0.3333333333333333	0	0	12	5	-7	7	1	-6	1	0	-1	17	11	-6	39	17	-22	0	0	0	2	3	1	51	56	5	63	65	2	50	56	6	52	55	3	7	6	-1	5	3	-2	7	6	-1	7	5	-2	3	3	0	34	28	-6	2	1	-1	2	3	1	1	0	-1	2	3	1	42.2	42.7	0.5	16.7	16.3	-0.3999999999999986	83	76	-7
210	Pre	1	0.7	1.13	0.44	1.08	0.61	0.49	1.66	1.06	0.5	1.62	0.13	0.38	1.26	0.56	1.25	0.52	7.67	10.175	13.350000000000001	17.25	17.700000000000003	17.85	11.7	13.9	0.75	2.08	1.55	3.35	63.1	24.4	74.7	33.1	23.7	14.3	23.4	10.7	4.41	5.39	9.5	9.13	0.0817504460069	0.0699282452707	0.129499422815	0.0547945205479	0.773428481478	0.863405088063	5.972447325752972	15.757142857162748	8.39542449365e-4	0	0.0683177668171	0.065362035225	0.762199601217	0.835616438356	4.19771224683e-4	0	0.0683177668171	0.064970645792600007	0.762199601217	0.835616438356	4.19771224683e-4	0	0.0683177668171	0.064970645792600007	6.29656837024e-4	5.21852576647e-4	0.0453352922657	0.135159817352	4.19771224683e-4	0	0.068317767	0.064840183	0.002833456	0.001304631	PS	0.8571428571428571	0.4	0	0.4	0.6666666666666666	0.8571428571428571	0.8571428571428571	0.955	1	1	0.6	0.5555555555555556	0	0	0	0	0	0	0.2	0.21428571428571427	24	14	-10	2	1	-1	6	2	-4	34	27	-7	69	49	-20	1	0	-1	4	2	-2	65	59	-6	71	63	-8	59	59	0	73	67	-6	6	12	6	3	3	0	6	3	-3	12	9	-3	7	6	-1	38	39	1	3	3	0	4.5	3	1.5	3	1	-2	0	0	0	43.9	45.7	1.8000000000000043	15.3	16	0.6999999999999993	41	66	25
204	Pre	2	7.11	1.68	3.63	0.85	0.84	1	1.08	1.29	0.29	0.71	0.25	0.29	0.68	1.23	0.56	1.81	27.45	34.8	27.25	34.05	32.5	35.4	18.1	18.4	17.7	4.15	14.2	2.5	54.6	51.2	55.4	52.4	30	27.9	17.3	15.6	9.39	6.46	7.41	5.61	0.00431541781091	0.00625670361101	0.175166732052	0.188773686092	0.729305610043	0.615659635324	4.163493840979452	3.261363636370138	0.0107885445273	0.0382552735073	3.92310710082e-4	0.00160886664283	0.669674382111	0.586878798713	0.00117693213025	0	1.96155355041e-4	0.00160886664283	0.669674382111	0.586878798713	0.00117693213025	0	1.96155355041e-4	0.00160886664283	0.0211847783444	7.15051841258e-4	0.0425657120439	0.108866642832	0.00117693213025	0	1.96155e-4	0.001608867	0.001961554	0.016267429	SP	NA	NA	NA	NA	0	0.5714285714285714	1	1.091	NA	0	0.5714285714285714	0.8333333333333334	NA	0.75	0.14285714285714285	0.038461538461538464	NA	0.25	0	0	10	5	-5	19	12	-7	8	7	-1	38	28	-10	75	52	-23	1	0.5	-0.5	2	1	-1	40	40	0	49	49	0	53	53	0	40	40	0	12	10	-2	0	0	0	0	0	0	0	0	0	2	2	0	14	12	-2	5	3	2	5	3	2	1	1	0	2	0.5	-1.5	74.1	72.9	-1.1999999999999886	14.9	14.3	-0.5999999999999996	7	2	-5
207	Pre	2	2.89	1.88	1.05	1.57	0.49	0.69	0.69	1.1	0.65	1.45	0.37	0.68	0.69	0.7	0.8	0.68	13.7	15.85	17.85	23.549999999999997	22.25	30.75	14.95	24	1.24	1.56	1.66	1.74	54.4	39.7	58.8	47.1	34.5	32.6	29.6	24.5	7.58	9.77	6.18	10.5	0.244252873563	0.145660530042	0.0927750410509	0.135140602873	0.623357963875	0.643131701396	6.7190265486705805	4.758982035919957	0.00492610837438	0.010317620878	0.208333333333	0.138579809832	0.533866995074	0.353631397936	4.10509031199e-4	6.06918875177e-4	0.207307060755	0.134938296581	0.533866995074	0.353631397936	2.05254515599e-4	6.06918875177e-4	0.207307060755	0.134938296581	0.001026272578	0.0248836738823	0.067118226601	0.0716164272709	2.05254515599e-4	6.06918875177e-4	0.207307061	0.134938297	8.21018e-4	0.001213838	SP	3.473684210526316	0	0.015151515151515152	0.3333333333333333	5	3.857142857142857	3.7142857142857144	3.909	0	0	0	0	0	0	0	0	0.8	0.5555555555555556	1	0.9047619047619048	8	3	-5	9	7	-2	6	5	-1	10	7	-3	36	25	-11	1	0	-1	2	1	-1	56	61	5	65	67	2	68	64	-4	44	58	14	8	8	0	2	2	0	5	4	-1	7	7	0	3	3	0	29	28	-1	5	5	0	4	5	-1	1	1	0	2	2	0	53.2	51.7	-1.5	15.5	15.2	-0.3000000000000007	51	43	-8
211	Pre	2	7.75	2.59	12.4	1.85	1.22	1.26	2.03	1.4	2.37	0.78	0.28	0.4	1.58	0.85	1.44	1.02	14.8	11.8	25.65	18.85	24.25	17.950000000000003	18.700000000000003	12.65	24.3	0.85	33	0.92	42.5	26.7	58.4	29	29.4	14.1	24.6	9.81	9.99	3.14	17.2	2.38	0.0659549228944	0.116993762361	0.378054567023	0.117906587555	0.533926453144	0.729803742583	1.4122999686220352	6.1896774193602	0.0017793594306	0.00684618895482	0.0639383155397	0.106039860033	0.514709371293	0.725543891678	2.37247924081e-4	3.04275064658e-4	0.0639383155397	0.106039860033	0.514709371293	0.725543891678	2.37247924081e-4	3.04275064658e-4	0.0639383155397	0.106039860033	2.37247924081e-4	4.56412596988e-4	0.00308422301305	0.00745473908413	2.37247924081e-4	3.04275064658e-4	0.063938316	0.10603986	3.55872e-4	1.52138e-4	SP	0.8095238095238095	0.29411764705882354	0	0	0.6666666666666666	0.8571428571428571	1	0.818	0	0.3333333333333333	0.2	0.26666666666666666	0	0	0	0	0	0	0	0	25	21	-4	6	2	-4	9	4	-5	35	28	-7	87	63	-24	0	0	0	0	0	0	55	60	5	59	55	-4	64	66	2	52	77	25	13	9	-4	4	4	0	13	18	5	30	31	1	9	9	0	84	86	2	2	2	0	2.5	2.5	0	3	2	-1	0	0	0	58.8	59.6	0.8000000000000043	14.2	14.5	0.3000000000000007	7	11	4
212	Pre	2	3.98	3.86	3.62	3.11	0.5	0.3	0.89	0.27	1.16	0.61	0.33	0.5	0.48	0.54	0.47	0.49	25.5	15.35	26.6	20.75	41.8	29.35	36.5	28.45	0.59	2.03	0.59	1.94	52.6	49.9	51.9	56.5	36.4	31.2	30.7	26.4	2.46	3.47	2.27	4.5	0.0206263363099	0.0899311011725	0.343856118727	0.265562673758	0.602314174318	0.611869938354	1.751645940016555	2.3040509786084633	0.0181109294428	0.0209113985253	0.0176078480694	0.0820742173335	0.578292038737	0.606672307506	1.25770343353e-4	1.20875135985e-4	0.0176078480694	0.0819533421975	0.578292038737	0.606672307506	0	1.20875135985e-4	0.0176078480694	0.0819533421975	3.77311030059e-4	4.83500543938e-4	0.112438686958	0.00870300979089	0	1.20875135985e-4	0.017482078	0.081832467	0	1.20875e-4	SP	1.4	0.2857142857142857	0	0.17857142857142858	1.3333333333333333	1.2857142857142858	1	1.143	0.75	0.5555555555555556	0.6666666666666666	0.625	0	0	0	0	0	0.1111111111111111	0	0.125	15	5	-10	2	1	-1	10	5	-5	15	2	-13	46	14	-32	0	0	0	0	0	0	40	42	2	50	50	0	55	61	6	40	40	0	10	3	-7	0	1	1	2	3	1	15	6	-9	4	0	-4	37	13	-24	4	3.5	0.5	4	3	1	2	1	-1	0	0	0	52.5	54.2	1.7000000000000028	16.2	16.5	0.3000000000000007	61	67	6
204	Syn	1	4.02	1.74	6.73	1.13	2.85	1.15	6.23	1.73	0.99	0.87	0.51	0.26	0.58	0.68	0.22	0.44	17.2	25	24.6	24.549999999999997	25.75	30.8	17.1	17.8	6.05	6.49	9.2	4.43	43.7	68.3	59.9	73.4	30	40.5	23.6	31.3	12	16.4	21.5	15.4	0.00669930430301	0.0150424067851	0.172378253028	0.0931349015843	0.757794382891	0.796447431589	4.396113602380625	8.551546391747722	0.0123679464056	0.00704112658025	5.15331100232e-4	0.00192030724916	0.723782530276	0.742998879821	5.15331100232e-4	3.20051208193e-4	0	9.6015362458e-4	0.723782530276	0.742998879821	5.15331100232e-4	1.60025604097e-4	0	9.6015362458e-4	0.00283432105128	1.60025604097e-4	0.11182684875	0.218114898384	5.15331100232e-4	1.60025604097e-4	0	9.60154e-4	0.002061324	0.02656425	SP	NA	NA	NA	NA	1	0.7142857142857143	1	0.789	0	0.2	0.6666666666666666	0.2	0	0	0	0.38095238095238093	0.6666666666666666	0.4	0	0.23809523809523808	8	7	-1	18	13	-5	9	9	0	35	32	-3	70	61	-9	2	1	-1	3	2	-1	40	40	0	49	49	0	55	53	-2	40	40	0	14	10	-4	0	0	0	0	0	0	0	0	0	4	3	-1	18	13	-5	5	2.5	2.5	4.5	4	0.5	3	2	-1	3	3	0	68.6	69	0.4000000000000057	14.9	13.9	-1	9	1	-8
207	Syn	1	3.25	1.45	1.73	1.2	0.78	0.38	0.97	0.74	0.83	0.46	0.46	0.39	0.95	0.95	0.72	0.71	17.45	7.93	26.3	11.399999999999999	28.3	16.35	19.75	10.55	0.95	0.86	0.69	1.23	54	47.4	56.4	54.3	34.4	23.1	24.9	19.6	7.46	7.41	5.35	8.72	0.166139240506	0.181731270641	0.193670886076	0.204067443073	0.571202531646	0.561185468451	2.949346405230209	2.7500000000012252	0.0164556962025	0.0134712324005	0.152215189873	0.163566834695	0.484810126582	0.372153658961	0	8.69111767773e-5	0.149367088608	0.163132278811	0.484810126582	0.372153658961	0	8.69111767773e-5	0.149367088608	0.163132278811	0.00253164556962	0.00747436120285	0.0876582278481	0.0947331826873	0	8.69111767773e-5	0.149050633	0.163045368	3.16456e-4	8.69112e-4	SP	4.75	0	0	0	6	4.714285714285714	4.428571428571429	4.273	0	0	0.06451612903225806	0.02127659574468085	0	0	0.03225806451612903	0.008403361344537815	0.4444444444444444	0.6666666666666666	0.6129032258064516	0.48739495798319327	8	5	-3	12	9	-3	6	4	-2	14	8	-6	43	29	-14	2	0	-2	2	1	-1	60	55	-5	65	65	0	64	64	0	56	46	-10	13	7	-6	2	1	-1	3	3	0	0	1	1	6	3	-3	24	17	-7	5	5	0	4	4	0	2	1	-1	2	1	-1	52.1	51.6	-0.5	15.9	15.2	-0.7000000000000011	61	43	-18
211	Syn	1	4.17	2.75	2.77	3.47	1.64	0.82	1.84	1.12	0.48	0.21	0.48	0.21	4.08	1.71	3.92	1.52	11.3	13.149999999999999	13	17.6	21.2	20.75	11.85	15.05	11.6	1.07	9.23	1.27	56.7	46.6	62	50.7	20.9	24.4	13.7	20.1	5.16	9.47	6.16	10.3	0.0880566801619	0.173491640417	0.430414979757	0.217470317422	0.455465587045	0.583232372183	1.0582010582023489	2.6818941504152067	0.00797064777328	0.00860188999273	0.0810981781377	0.160285921977	0.442307692308	0.576690089654	0.00417510121457	2.42306760359e-4	0.080971659919	0.160285921977	0.442307692308	0.576690089654	0	2.42306760359e-4	0.080971659919	0.160285921977	3.7955465587e-4	1.21153380179e-4	0.0177125506073	0.00654228252968	0	2.42306760359e-4	0.08097166	0.160285922	1.26518e-4	1.21153e-4	SP	0.7692307692307693	0.5	0	0.3	0.6666666666666666	0.8571428571428571	0.8571428571428571	0.773	0.5	0.3333333333333333	0.5	0.5294117647058824	0	0	0	0	0	0	0	0	22	15	-7	0	0	0	0	1	1	27	29	2	52	55	3	1	0	-1	0	0	0	53	64	11	65	69	4	58	66	8	52	70	18	12	16	4	2	1	-1	13	14	1	27	23	-4	9	8	-1	77	76	-1	3	2	-1	4	3	1	2	1	-1	0	0	0	56.9	58.3	1.3999999999999986	14.3	14.5	0.1999999999999993	8	12	4
212	Syn	1	3.48	3.27	2.84	3.69	0.68	0.33	0.89	1.04	0.98	3.05	0.22	0.41	1.3	0.67	1.66	0.58	34.55	25.700000000000003	24.9	21.35	45	40.849999999999994	33.45	35.85	1.55	0.93	2.61	1.88	61.3	45.6	58.5	49.2	40.1	35.1	28.2	27.7	6.05	3.01	5.58	2.27	0.214345802255	0.0191424196018	0.22976838091	0.440658499234	0.474959340474	0.503158499234	2.067122284593375	1.1418331885318092	0.0682519208121	0.0250765696784	0.210980876002	0.0171324655436	0.328248555886	0.489088820827	0.0355560540631	0	0.206494307666	0.0170367534456	0.328248555886	0.489088820827	0.0344904940833	0	0.206494307666	0.0170367534456	0.0111042566317	2.87136294028e-4	0.0451460938814	0.0246937212864	0.0344904940833	0	0.206438226	0.017036753	6.16903e-4	9.57e-5	SP	1.2142857142857142	0.29411764705882354	0	0.5294117647058824	1.3333333333333333	1.2857142857142858	1.1428571428571428	1.136	0.5	0.7777777777777778	0.625	0.68	0	0	0	0	0.25	0.1111111111111111	0	0	18	3	-15	6	2	-4	9	5	-4	19	7	-12	58	18	-40	0	0	0	3	0	-3	62	40	-22	63	50	-13	68	55	-13	65	40	-25	8	4	-4	0	0	0	1	0	-1	14	6	-8	5	2	-3	35	16	-19	4	3	1	4	3	1	3	1	-2	0	0	0	52.6	53	0.3999999999999986	16.5	16.2	-0.3000000000000007	68	61	-7
202	Syn	2	2.68	1.41	2.57	1.26	0.74	0.35	1.01	0.51	0.33	0.11	0.19	0.27	0.58	1.01	0.4	0.66	20.35	11.850000000000001	27.65	15.2	38.55	22.25	29.9	16.1	14	1.6	17.5	2.82	58.1	50	63.7	53.3	46.1	34.7	38.1	29.5	3.81	5.34	4.36	5.66	0.0578408853623	0.0871498443753	0.187930674462	0.15718096932	0.729171016914	0.730546909738	3.880000000007662	4.647807637899862	0.00354980162873	0.00200088928413	0.0329922739612	0.067140951534	0.667989141783	0.686082703424	0.00125287116308	4.44642063139e-4	0.0313217790771	0.0658070253446	0.667989141783	0.686082703424	0.00104405930257	2.2232103157e-4	0.0313217790771	0.0658070253446	0.00856128628106	6.66963094709e-4	0.0553351430361	0.108714984438	0.00104405930257	2.2232103157e-4	0.031321779	0.065807025	0.001461683	0.001333926	PS	NA	NA	NA	NA	0.6666666666666666	0.2857142857142857	0.2857142857142857	0.227	0	0	0	0.1	1	1	0.8	0.5714285714285714	0	0	0	0	10	21	11	20	20	0	6	4	-2	7	10	3	44	56	12	1	0	-1	2	1	-1	57	58	1	56	65	9	64	61	-3	65	60	-5	3	3	0	2	8	6	1	5	4	4	6	2	2	3	1	16	29	13	2	2	0	1	2	1	0	0	0	4	2	-2	54.9	58.6	3.700000000000003	14.8	15.9	1.0999999999999996	28	52	24
205	Syn	2	2.87	0.9	1.7	0.89	0.76	0.41	0.95	0.83	0.88	0.29	0.56	0.48	1.16	0.38	1.96	0.23	20.3	9.595	28.25	10.8	35.35	26.25	25.200000000000003	32.55	2.13	0.62	3.31	1.14	51.3	32.7	59.4	33.8	35.9	36.1	23.8	35.9	7.07	16.6	9.03	19	0.0523966621386	0.0360682372055	0.294197554822	0.428757108042	0.617504366389	0.457514216084	2.098944591033777	1.0670708601737817	7.76246846497e-4	0.00471161657189	0.036677663497	0.0261575954509	0.600620997477	0.441104792851	3.88123423249e-4	0.00308692120227	0.0357073549389	0.0261575954509	0.600620997477	0.441104792851	0	0.00308692120227	0.0357073549389	0.0261575954509	1.94061711624e-4	0.00146222583266	0.0277508247623	0.0279447603574	0	0.00308692120227	0.035707355	0.026157595	3.88123e-4	4.87409e-4	PS	NA	NA	NA	NA	1.6666666666666667	1.5714285714285714	1.8571428571428572	1.364	0.4	0.36363636363636365	0.3076923076923077	0.6071428571428571	0.4	0.2727272727272727	0.15384615384615385	0.05263157894736842	0	0.09090909090909091	0	0.02631578947368421	15	9	-6	9	6	-3	4	4	0	19	15	-4	52	40	-12	1	0	-1	1	1	0	71	71	0	76	76	0	74	74	0	70	70	0	9	10	1	1	1	0	0	1	1	3	3	0	1	1	0	15	18	3	4	3.5	0.5	3	3	0	1	1	0	2	1	-1	36.3	37.2	0.9000000000000057	14.3	14.7	0.3999999999999986	11	21	10
208	Syn	2	NA	NA	NA	NA	NA	NA	NA	NA	NA	NA	NA	NA	NA	NA	NA	NA	NA	NA	NA	NA	NA	NA	NA	NA	NA	NA	NA	NA	NA	NA	NA	NA	NA	NA	NA	NA	NA	NA	NA	NA	NA	0.137759515571	NA	0.305687716263	NA	0.52562716263	NA	1.719490626106068	NA	0.0170847750865	NA	0.135921280277	NA	0.498378027682	NA	3.24394463668e-4	NA	0.135705017301	NA	0.498378027682	NA	3.24394463668e-4	NA	0.135705017301	NA	0.00443339100346	NA	0.057634083045	NA	3.24394463668e-4	NA	0.135705017	NA	3.24394e-4	PS	0.3333333333333333	0.75	0	0	0	0.2857142857142857	0	0.182	NA	0.5	NA	0.5	NA	0	NA	0	NA	0	NA	0	12	12	0	3	5	2	0	0	0	18	16	-2	33	33	0	0	0	0	1	2	1	57	56	-1	65	61	-4	59	65	6	59	58	-1	7	6	-1	3	5	2	5	5	0	4	7	3	3	3	0	29	33	4	1	2	1	3	3	0	0	0	0	2	2	0	43.2	42.8	-0.4000000000000057	15.6	15.6	0	56	56	0
210	Syn	2	0.9	0.76	0.54	0.93	0.59	0.21	1.06	0.48	0.49	0.72	0.27	0.41	0.32	0.29	0.53	0.33	9.35	4.59	16.5	9.030000000000001	15.05	9.265	9.59	7.045	0.34	0.47	0.64	0.47	28.2	21.4	37.1	29.4	12.8	8.64	9.59	8.36	3.19	1.34	5.2	2.85	0.0413223140496	0.0238410596026	0.334088078795	0.297571743929	0.593909204121	0.647976453274	1.7777024737402527	2.177546983186031	0.0166421374391	0.0142752023547	0.0398505603985	0.0211920529801	0.573870712102	0.629286239882	3.39635457942e-4	4.41501103753e-4	0.0397373485792	0.020897718911	0.573870712102	0.629286239882	3.39635457942e-4	1.47167034584e-4	0.0397373485792	0.020897718911	0.00101890637383	7.35835172921e-4	0.00679270915884	0.0306107431935	3.39635457942e-4	1.47167034584e-4	0.039737349	0.020603385	1.13212e-4	0.017218543	PS	0.8235294117647058	0.35714285714285715	0	0.26666666666666666	0.6666666666666666	1	1.2857142857142858	1	0	0.42857142857142855	0.3333333333333333	0.631578947368421	0	0	0	0	1	0.42857142857142855	0.16666666666666666	0.037037037037037035	22	26	4	3	0	-3	4	4	0	26	28	2	59	65	6	0	0	0	1	0	-1	57	62	5	63	63	0	52	65	13	65	71	6	7	8	1	0	0	0	3	3	0	10	11	1	4	3	-1	27	26	-1	2	3	1	4	3	1	1	2	1	0	0	0	45.6	40.8	-4.800000000000004	16	14.2	-1.8000000000000007	66	11	-55
